W11,26
W3,227
W2,412
W7,593
W1,721
W5,835
W5,923
W11,960
W6,1416
W1,1459
W2,1659
W1,1662
W4,1695
W2,1701
W8,1727
W10,1740
W5,1774
W1,1870
W1,1924
W6,2024
W7,2041
W1,2144
W6,2168
W10,2190
W9,2291
W2,2387
W4,2459
W2,2487
W1,2506
W5,2581
W1,2585
W7,2872
W2,2878
T3,2905
W1,2915
W2,2921
W1,2936
W2,2958
W4,3037
W1,3159
W7,3281
W2,3319
W2,3381
W7,3464
W7,3478
W2,3530
W6,3598
W2,3718
W3,3979
W5,3991
W5,4028
W6,4119
W1,4240
W6,4243
W3,4245
W4,4297
W2,4343
W1,4443
W2,4450
W2,4462
W4,4601
W10,4707
W2,4746
W2,4996
W1,5164
W2,5188
W9,5305
W2,5317
W9,5486
W6,5785
T4,5955
W5,6071
W1,6082
W2,6089
W1,6131
W1,6221
W3,6253
W10,6329
T5,6368
W1,6369
I2,6419
W2,6587
W4,6678
W3,6715
W2,6722
W3,6815
W3,6978
W2,7035
W2,7052
W7,7107
T3,7332
W1,7380
W9,7407
W8,7510
W1,7553
W2,7555
I4,7621
W5,7698
W3,7795
W4,7860
W1,7941
W8,7987
W3,8007
W7,8098
W8,8398
W2,8425
W3,8600
W3,8734
W3,8800
W1,9033
W1,9066
W6,9090
W5,9096
D8,9201
W10,9225
W2,9236
W2,9295
T2,9303
W1,9361
W4,9510
W2,9525
T2,9530
W1,9547
W2,9577
W2,9602
W3,9637
T5,9969
W2,9985
W10,10050
W3,10051
W2,10071
W5,10112
W9,10287
W2,10355
W4,10481
T3,10505
W1,10509
W3,10518
W2,10530
W1,10565
W5,10592
W8,10657
W2,10768
W4,10845
W4,10920
W3,11009
W1,11010
W2,11097
W3,11155
W4,11162
W6,11194
W1,11220
W4,11234
W1,11258
W2,11283
T3,11314
W8,11351
W8,11392
W3,11403
W1,11442
W9,11466
T4,11501
W1,11515
W6,11566
W7,11576
W1,11633
T4,11637
W1,11696
I3,11760
W1,11816
W1,11952
W1,11960
W2,11973
W4,11974
W11,12013
W8,12041
W3,12167
W6,12255
W5,12452
W11,12468
W1,12685
W1,12772
W5,12907
W8,12931
W4,12963
W5,12994
W4,13045
W4,13064
W1,13178
W4,13190
W10,13369
W3,13389
W6,13440
W1,13473
W11,13507
W3,13642
W1,13658
W2,13669
W3,13712
W6,13759
W9,13806
W1,13814
W3,13897
W2,13929
W8,14002
W11,14215
W2,14224
W11,14252
W3,14256
W3,14263
W1,14378
W1,14392
W9,14551
W7,14558
W8,14581
W3,14621
W3,14626
W6,14751
W1,14962
W6,14974
W1,15013
W1,15334
W11,15334
T1,15367
W3,15430
W1,15465
W6,15513
W6,15529
W8,15557
W1,15759
W1,15939
W6,16010
W7,16051
W2,16053
W4,16121
T6,16303
W1,16315
W2,16600
W1,16634
W1,16678
W8,16771
W2,16817
W1,16868
W1,17087
W3,17193
W6,17270
W1,17293
W3,17358
T1,17374
W1,17379
W8,17397
W1,17398
W3,17743
W3,17783
W2,17817
W9,17950
W10,18050
W3,18279
W10,18327
W7,18356
W1,18382
W5,18549
W2,18691
W4,18751
W4,18766
W4,18780
W7,18817
W4,18947
W3,19049
W4,19107
W3,19155
W2,19279
W2,19281
W9,19346
W11,19358
W6,19381
W3,19396
W2,19403
W1,19474
W5,19528
W7,19530
W2,19611
W6,19790
W10,19810
W3,19813
W2,19834
W1,19848
W1,19852
W3,19912
W4,19989
T1,20053
W10,20127
W3,20131
W3,20191
W1,20242
W2,20394
W1,20481
W5,20539
T6,20576
W2,20667
W1,20831
W4,20914
W4,20972
I2,21135
W3,21137
W11,21165
W3,21305
W5,21415
W2,21428
W2,21438
W2,21470
W4,21545
W6,21690
W1,21749
W2,21831
W1,21929
W9,22026
W5,22195
W3,22215
W2,22238
W5,22271
W3,22441
I1,22574
W1,22657
W3,22711
W1,22733
W8,22833
W10,22853
W1,22882
W1,22914
W7,22971
W1,22996
W3,23227
W7,23262
W3,23393
W4,23442
W2,23474
T4,23517
W2,23576
W2,23584
W1,23730
W2,23768
W4,23768
W3,23843
W5,23899
W5,23982
W3,24052
W1,24116
W6,24206
W1,24270
W6,24418
W1,24448
W4,24527
W7,24567
W3,24613
W7,24636
W2,24853
W3,24872
W4,25037
W4,25119
W1,25120
W4,25178
W3,25346
W5,25369
W5,25380
T2,25382
W3,25489
W5,25580
W5,25648
W5,25688
W1,25777
W4,25862
W1,25947
W7,25959
W3,25981
W4,25985
W2,26000
W2,26016
W1,26033
W4,26096
W2,26225
T3,26231
W3,26392
W8,26491
W3,26504
W2,26556
W3,26639
W3,26686
W1,26821
W2,26873
W3,26931
W8,26969
W1,26970
W10,26987
W3,27035
W1,27110
W10,27111
W2,27117
W4,27289
W6,27309
W1,27510
W9,27735
W2,27762
W3,27846
W1,27899
W2,27969
W1,28008
W1,28069
W5,28080
W3,28214
W3,28280
W3,28282
W4,28286
W1,28317
W3,28358
W1,28371
W5,28371
T4,28443
W6,28512
W2,28561
W5,28625
W4,28626
W1,28647
W1,28760
W2,28872
W2,28985
W5,29005
W8,29026
W4,29035
W6,29091
W2,29191
W11,29196
W2,29262
W7,29515
W7,29526
W4,29535
T2,29637
W7,30008
W8,30033
W1,30248
W1,30275
W4,30523
W6,30656
W1,30786
W11,30793
W11,30848
W8,31011
W2,31034
W7,31120
W4,31296
W1,31367
W8,31422
W2,31477
W10,31541
W3,31568
W5,31618
W3,31637
W11,31693
W8,31707
W5,31871
W8,31944
W6,32064
W8,32302
W8,32350
W2,32398
W1,32413
W1,32584
W1,32596
W6,32716
W2,32776
W3,32985
W3,33034
W3,33063
W2,33069
W1,33096
T2,33208
W10,33289
W5,33493
W6,33633
W6,33685
W6,33694
W4,33705
W2,33724
W1,33760
W5,33790
W4,33901
W1,33972
W11,34035
W5,34042
W3,34057
W2,34142
W5,34179
W7,34203
W1,34337
W2,34380
W1,34388
W6,34393
W2,34508
T3,34521
W3,34558
W3,34565
W1,34619
W2,34730
W1,34848
W6,34929
W4,35078
W1,35115
D2,35207
W7,35358
T1,35393
W4,35436
W2,35716
W10,35759
W5,35796
W1,36031
W3,36062
W1,36084
W4,36275
W3,36278
W6,36349
W2,36382
T1,36525
W5,36558
W1,36629
W1,36640
W2,36666
W4,36718
W1,36795
W4,36795
W1,36797
W2,36963
W1,36995
W11,36997
W3,37086
W2,37226
W3,37232
W2,37279
W2,37342
W2,37349
W1,37390
W1,37433
W2,37434
W4,37453
W1,37474
W1,37514
W3,37558
W6,37646
W2,37689
W1,37778
W6,37786
W1,37813
W6,37845
W1,37846
I3,37999
W2,38000
W2,38065
W2,38087
W2,38092
W2,38098
W3,38154
W4,38160
W4,38212
W1,38304
W4,38347
W1,38433
W1,38435
W2,38482
W6,38520
W2,38526
W2,38553
W2,38608
W5,38680
W2,38744
W1,38763
W4,38857
W7,38904
W1,38924
W5,38961
W1,39055
W5,39060
W8,39127
W2,39161
W2,39208
W4,39327
W8,39333
W3,39383
W2,39417
W11,39438
W1,39476
W2,39492
W5,39566
W4,39580
W1,39586
T3,39588
W3,39594
W1,39634
W2,39685
W7,39692
W4,39756
W6,39823
W4,39834
W2,39837
W1,39869
W1,39959
W1,40010
W2,40012
W3,40068
W6,40114
W2,40165
W11,40170
W2,40241
W2,40319
W1,40352
W4,40386
W1,40421
W5,40446
W1,40511
W4,40560
W4,40606
W5,40618
W3,40894
W7,40958
T6,40988
W2,41003
T2,41022
W3,41033
W3,41166
W3,41278
W4,41390
W3,41406
W6,41424
W1,41487
W1,41497
W4,41543
W4,41590
W9,41664
W7,41788
W4,41795
W3,41804
W4,41939
W5,42164
W2,42198
W3,42307
W2,42320
W2,42343
W2,42351
W4,42371
W1,42381
W7,42489
W2,42539
W1,42614
W3,42641
W1,42664
W2,42682
W1,42709
W7,42909
W7,42945
W1,43090
W6,43133
W5,43188
W1,43218
W4,43267
W5,43272
W1,43609
W6,43624
W7,43647
W4,43679
W5,43690
W6,43742
W2,43748
W2,43829
W1,43899
I1,43952
W3,43966
W1,43985
W1,44182
W2,44240
W1,44393
W8,44439
D7,44551
W5,44566
W5,44610
W8,44949
W5,45028
W1,45075
W1,45135
W1,45206
W1,45232
W7,45323
W3,45499
W2,45573
W2,45614
W5,45750
W4,45814
W4,45867
W2,45953
W10,46007
W2,46030
W1,46067
W7,46170
T2,46232
W1,46247
W1,46391
W2,46484
W2,46650
W1,46793
W1,46888
W1,46903
W1,46934
W7,46957
W2,46958
W6,46984
W2,47040
T1,47236
W6,47291
W1,47302
W5,47328
W9,47399
W5,47437
W6,47464
W2,47481
W3,47564
W1,47629
W4,47635
W4,47642
W5,47742
W2,47790
W4,47965
W3,48001
W2,48024
W4,48059
W7,48120
W6,48328
W1,48417
W5,48470
T6,48617
W1,48717
W4,48741
W2,48744
W4,48784
T2,48880
W4,48908
W1,49058
W5,49061
W1,49324
W1,49363
W3,49626
W2,49670
W6,49675
W2,49756
W10,49756
T5,49768
W3,49842
W1,49850
W2,50078
W3,50096
W1,50125
T3,50284
W4,50345
W2,50350
W6,50417
W2,50423
W6,50434
W6,50439
W2,50451
W1,50464
W1,50481
W7,50513
W7,50607
W1,50660
W2,50673
I3,50778
W2,50911
W3,50917
W5,50992
W9,51017
W2,51135
W2,51273
W1,51350
W2,51470
W8,51521
W4,51530
W3,51538
W4,51739
W4,51741
W2,51755
W1,51797
W1,51799
W3,51873
I1,52060
W2,52188
W2,52234
W3,52269
W9,52334
W4,52458
W3,52463
W4,52474
W2,52484
W4,52804
W1,52816
W2,52844
W4,52922
W4,53027
W1,53071
W2,53087
W1,53132
W3,53146
W1,53221
W11,53301
W2,53303
W2,53345
W2,53405
W2,53430
W8,53460
W3,53476
W6,53590
T1,53609
W5,53684
W3,53785
W3,53843
W1,53897
T4,53997
W1,54000
W2,54006
W9,54026
W1,54032
W9,54056
W5,54147
W2,54280
W3,54323
W3,54360
W6,54483
W1,54547
W2,54625
W10,54718
W3,54726
W2,54838
W2,54861
W2,54862
W1,54868
W5,54879
W1,54955
W1,54996
W4,55189
W1,55195
W3,55263
T2,55318
W11,55332
W3,55365
W1,55392
W8,55421
W3,55462
W2,55631
W4,55761
W4,55886
W2,55981
W5,55981
W2,56044
W5,56074
W1,56149
W2,56198
W1,56255
W3,56378
W5,56425
D1,56498
W2,56613
W1,56732
T1,56766
W5,56779
W1,56780
W4,56842
W1,56919
W1,57010
W1,57150
W1,57197
W2,57270
T6,57361
W1,57413
W4,57450
W4,57457
W5,57533
W4,57547
W1,57588
W2,57682
W5,57802
W2,57810
W2,57831
W1,57988
W3,58275
W3,58349
T4,58375
W5,58474
T2,58493
W4,58498
W8,58517
W1,58562
T5,58699
W6,59018
W3,59086
W2,59128
W1,59141
W8,59160
W1,59183
W3,59277
W3,59396
T1,59437
W1,59438
W7,59453
W4,59466
W1,59481
W3,59538
W2,59549
W10,59560
W1,59577
W2,59601
W1,59661
W3,59866
D3,59891
W6,59905
W4,59941
W11,60248
W6,60309
W4,60407
W3,60477
W2,60481
W4,60571
I3,60572
W1,60728
W6,60789
W2,60936
W2,60946
W11,60970
W2,61039
W2,61121
W4,61305
W8,61330
W1,61376
W1,61552
W4,61615
W3,61699
W2,61723
W6,61833
W1,61844
W1,61867
W2,61884
W7,61925
W4,62008
W3,62030
W8,62113
W1,62132
W7,62258
W1,62351
W10,62353
W1,62456
W5,62465
W1,62584
W3,62584
W1,62731
W9,62782
W5,62789
T4,62870
W2,62892
W2,62959
W3,63228
W8,63275
W6,63345
T5,63349
W2,63355
W3,63551
W3,63633
W3,63680
W10,63735
W3,63754
W8,63777
W1,63868
W1,63946
W3,63951
W4,64308
W1,64424
W9,64432
W2,64438
W1,64549
W2,64604
W1,64729
W5,64763
W3,64796
W1,64852
T2,64981
W2,64987
W1,65193
T5,65294
W6,65313
T1,65365
W2,65523
W8,65616
W6,65673
W2,65744
W1,65747
W3,65776
W2,65833
W1,65858
W3,65886
W1,65887
W5,65922
W4,66064
W7,66087
W2,66204
W2,66331
W1,66420
W3,66510
W1,66643
W5,66659
W5,66717
W2,66756
W2,66900
W3,66984
W2,67059
W2,67138
W6,67351
W2,67360
W8,67519
W5,67552
W6,67611
W9,67663
W1,67777
W9,67803
W5,67987
T3,67992
W2,68025
W2,68025
W1,68033
W9,68061
W2,68231
W1,68298
W5,68309
W3,68354
W1,68379
W1,68490
W11,68520
W11,68695
W1,68749
W8,68842
W4,68877
T1,68954
W4,68981
W3,68984
W3,68996
W1,69178
W2,69240
T5,69312
W1,69376
W5,69579
W3,69887
W10,70032
W6,70160
W5,70183
W9,70205
W1,70483
W9,70624
W5,70658
W9,70794
W2,70956
W1,70980
W2,71001
W5,71079
W5,71112
W1,71226
W1,71252
W1,71296
W1,71481
W1,71567
W1,71592
W3,71693
W1,71726
W1,71796
W1,71846
W5,71902
W1,71969
W3,72035
I1,72186
W4,72350
W2,72394
W1,72406
W10,72444
W8,72631
W1,72680
W6,72699
W1,72795
W1,72845
W3,72852
W4,72919
W1,73051
W1,73068
W9,73083
W4,73113
W5,73161
W5,73163
W10,73261
W11,73317
W2,73457
W5,73562
W3,73586
W1,73596
W7,73607
W7,73760
W2,73770
W2,73812
W4,73977
W1,73982
W6,74049
T1,74103
W5,74218
W2,74245
W4,74247
W3,74291
W5,74329
W1,74517
W4,74671
W11,74684
W3,74783
W2,74856
W5,74869
W8,74881
W1,74896
W1,74940
W2,75065
W2,75084
W3,75091
W1,75118
W9,75189
W4,75279
T1,75296
W3,75365
W3,75412
W3,75461
W2,75472
W11,75506
W2,75527
W4,75610
W1,75643
W1,75907
W4,75950
W3,76143
W2,76231
W5,76275
W3,76298
W2,76393
W5,76439
W4,76454
W1,76481
W2,76499
W2,76502
W2,76565
W8,76811
W9,76817
W10,76880
W3,76896
W3,76932
T1,77021
W7,77032
W9,77036
W1,77146
W6,77171
W2,77275
W3,77282
W3,77331
W8,77548
W4,77553
W2,77669
W1,78009
W10,78060
W4,78097
W1,78205
W8,78237
W2,78251
W1,78402
W6,78409
W4,78415
W1,78565
W4,78774
W2,78799
W3,78811
W10,78878
W2,78985
T5,79059
W6,79086
T1,79113
I5,79114
W8,79128
W7,79419
W3,79479
W10,79632
W4,79700
W1,79729
W4,79772
W8,79833
W1,80028
T2,80103
W1,80105
W1,80143
W1,80242
W6,80294
W3,80312
W7,80322
W11,80325
W4,80453
W7,80498
W2,80581
W4,80662
W3,80682
W3,80697
W2,80705
T1,80729
W6,80733
W2,80763
T1,80783
W2,80887
T4,81198
W3,81291
W6,81329
I2,81427
W3,81445
W4,81453
W3,81482
W5,81488
W6,81642
W5,81656
W1,81664
W5,81756
W6,81807
W4,81820
W3,81891
W2,81901
W5,81957
W3,82119
W6,82584
W9,82595
W10,82634
W5,82651
W3,82696
W3,82871
W4,82935
W2,82947
W2,83057
W6,83112
T3,83136
W4,83166
W6,83188
T2,83232
W3,83254
W3,83271
W4,83304
W3,83423
T2,83488
W3,83536
W10,83628
W2,83675
W1,83785
W3,83947
W5,84062
W2,84079
W5,84170
W1,84213
W1,84233
W1,84309
W3,84508
W4,84526
W2,84553
W6,84653
W9,84695
W10,84705
W1,84727
W6,84739
W1,84784
W1,84805
W1,84952
W4,84989
W1,85091
W5,85284
W1,85311
W2,85312
W3,85327
W1,85484
T1,85582
W1,85678
W1,85731
W3,85746
W1,85806
W5,85930
T2,86097
W8,86114
W10,86125
W4,86150
W4,86192
W3,86231
W1,86258
T3,86258
W6,86313
W1,86388
W7,86415
I1,86439
W4,86482
W2,86573
W1,86735
W1,86736
W2,86962
W6,86973
W2,86992
W3,87013
W3,87213
W11,87417
W7,87421
W9,87488
I1,87499
W8,87596
W2,87608
W2,87670
W2,87722
W10,87796
W2,87877
W5,88104
W2,88178
W5,88319
W9,88332
W1,88468
W2,88628
W10,88630
T5,88650
W6,88671
W4,88679
W4,88752
W2,88758
W3,88799
W2,88874
W1,88973
W3,88978
W1,88980
W1,89002
W5,89005
W5,89050
W6,89168
W1,89569
W4,89613
W10,89622
W1,89703
W2,89725
T1,89885
W7,89989
W2,89990
W2,89993
W2,90000
W2,90014
W1,90027
W3,90078
W5,90164
T1,90183
W2,90220
W4,90242
W1,90247
T1,90263
W10,90452
T3,90589
W9,90599
W1,90639
W10,90646
W2,90938
W4,91067
W4,91136
W5,91193
W10,91214
W1,91466
W3,91523
W1,91803
W2,91818
W1,91824
W5,91867
W10,91898
W4,91900
W2,91907
W1,92056
W1,92221
W6,92381
W4,92400
W9,92506
W1,92527
W8,92562
W6,92578
W2,93158
W2,93262
W4,93358
W3,93362
W1,93503
W3,93543
W1,93557
W8,93557
W10,93643
W2,93704
W5,93824
W8,93886
W1,93893
W4,93942
W2,94096
W3,94215
W3,94248
W1,94272
W10,94294
W6,94334
W6,94500
W3,94563
T2,94593
W3,94613
W9,94700
W8,94797
W3,94807
W8,95006
W4,95018
W3,95051
W2,95097
W1,95170
W3,95215
W5,95311
W4,95323
W1,95539
W1,95591
W1,95598
W2,95609
W5,95622
W1,95686
W7,95767
W3,95882
W2,95924
W6,95970
T1,95988
W9,96013
W6,96068
W6,96118
W2,96351
T2,96385
W7,96427
W9,96818
W6,96834
W8,96956
W8,97036
W3,97055
W2,97168
W3,97289
W4,97329
W1,97360
W3,97420
W1,97520
W1,97551
W3,97710
W1,97814
W5,97821
W8,97864
W4,97867
W6,98260
W2,98342
W7,98500
W1,98516
W4,98592
W7,98686
W1,98706
I2,98766
W2,98802
W1,98921
W5,98966
W6,98990
W10,99022
W1,99075
W1,99078
W2,99257
W1,99476
W10,99498
W5,99864
T1,99904
T5,100002
W5,100074
W6,100107
W2,100153
W4,100233
W3,100343
W1,100398
W5,100399
W2,100452
W1,100455
W1,100523
W3,100713
W11,100717
W1,100719
W10,100849
W4,100953
W2,100964
W4,101085
W8,101115
W5,101147
W1,101306
W7,101439
W2,101452
W1,101531
W2,101555
W1,101667
W11,101703
W1,101837
W6,101993
W7,102053
T1,102179
W6,102296
W9,102435
W1,102503
W3,102583
W7,102588
W7,102650
W10,102800
W1,102824
W6,102879
W1,102884
I3,103181
W6,103454
W1,103560
W2,103577
W7,103612
W1,103636
W6,103714
W1,103719
W6,103781
T3,103921
W7,103950
W2,103991
W6,104005
W7,104050
W4,104062
W5,104069
W1,104074
T1,104161
W2,104422
W7,104453
W3,104648
W1,104773
W1,104917
W7,105135
W9,105196
W10,105211
W8,105299
W2,105506
W1,105573
W3,105668
W2,105826
W1,105969
W1,105997
W4,106072
W2,106080
W3,106155
W5,106182
W3,106389
W1,106563
T3,106647
W2,106693
W4,106726
W3,106801
W4,106873
W5,106886
W1,107040
W3,107067
W1,107169
W4,107315
W5,107357
W5,107399
W1,107510
W8,107538
W2,107730
W2,107732
W7,107940
W5,108154
T3,108254
W5,108379
W6,108447
W7,108521
I1,108541
W2,108561
W3,108611
W1,108621
W1,108704
T5,108739
W8,108836
W3,108846
W5,108899
T6,108980
W7,108983
W4,108987
W9,109010
W2,109047
W7,109059
W7,109080
W7,109160
W2,109167
T6,109194
T1,109478
W4,109480
W4,109707
W2,109708
W1,109806
W2,109833
W2,109943
W3,110024
W5,110052
T1,110072
W1,110128
W5,110578
W1,110787
W4,110858
W2,110885
T3,110889
W5,111040
W1,111075
T2,111096
W3,111107
W3,111119
W3,111153
W1,111188
W6,111263
W3,111350
W3,111399
T2,111404
W2,111444
W1,111582
W3,111672
W4,111699
W4,111705
W1,111794
W1,111811
W6,112077
W2,112216
W7,112254
W9,112533
T3,112622
W4,112757
W3,112839
W8,112845
W5,113216
W5,113359
W4,113387
W5,113441
T3,113563
W4,113570
W4,113576
W5,113727
W3,113758
W2,113781
W1,113808
W2,113828
W2,113851
W3,113911
W7,113929
W2,113992
W1,114003
W8,114016
W9,114021
W10,114066
W11,114184
W2,114285
W1,114307
W4,114435
W9,114448
W1,114477
W3,114535
W3,114549
W8,114561
W11,114641
W4,114717
W8,115030
W2,115281
W1,115298
W5,115320
W6,115340
W1,115364
W11,115633
W5,115689
W6,115830
W1,115982
W6,116142
W3,116371
W3,116374
W1,116415
W3,116608
W1,116638
W2,116646
W1,116802
W9,116861
W11,116916
W2,116926
W1,116949
W4,116969
W11,117026
W3,117055
W1,117093
W1,117133
W3,117304
W3,117411
W3,117678
W1,117903
W2,118011
W3,118056
W3,118063
W3,118081
W6,118200
W3,118213
W2,118483
W1,118606
W7,118641
W3,118661
W1,118746
W2,118770
W8,118794
W7,118803
W1,118882
W2,119059
W1,119108
W3,119111
W1,119165
W2,119240
W6,119276
W3,119301
W2,119322
W2,119344
W4,119349
W5,119529
W2,119731
W6,119805
W5,119843
W6,120009
W3,120059
W1,120112
W2,120177
W4,120241
W6,120305
W8,120547
W4,120600
W1,120663
W2,120750
W10,120779
W6,120796
W4,120836
W2,120919
W4,120928
W9,121006
W5,121031
W3,121075
W9,121198
W4,121209
W5,121402
W1,121421
W9,121433
W7,121715
W4,121719
W1,121737
W6,121851
T1,122060
W5,122064
W7,122109
W5,122116
W6,122315
W2,122387
W6,122391
W2,122430
I3,122449
W2,122527
W2,122537
W1,122555
W2,122647
W8,122781
W2,122852
W2,122978
W1,123005
W1,123091
W2,123264
W9,123280
T1,123302
W1,123322
W2,123343
W1,123363
W2,123437
W2,123444
W5,123470
W7,123475
W1,123568
W5,123664
W1,123714
W5,123901
W10,123907
W5,123967
W2,124041
W5,124105
W3,124124
W2,124324
W2,124378
W1,124399
W8,124400
W1,124431
W4,124580
W1,124858
W4,124888
W5,124904
W1,124979
W4,125101
W7,125189
W6,125275
W3,125341
W1,125427
W1,125543
W6,125687
W2,125938
W2,126019
W3,126027
W4,126084
W9,126159
W1,126290
W4,126298
W1,126356
W9,126362
W6,126372
W1,126385
W5,126490
W1,126541
W1,126842
W2,126842
W4,126846
W7,126882
W4,126931
W2,126952
W3,126954
T5,126955
W1,127064
W5,127090
W3,127147
W3,127166
W3,127194
W6,127326
W4,127347
I2,127386
W4,127455
W8,127520
I1,127675
W1,127871
W1,127884
W1,128032
W7,128058
W2,128093
W6,128107
W1,128157
W4,128183
W1,128203
T1,128235
W2,128274
W5,128339
W1,128345
W2,128348
W1,128414
W1,128498
W2,128519
W1,128614
W10,128634
W2,128676
W1,128930
W2,128947
W1,129136
W2,129199
T2,129205
W2,129256
W9,129381
W8,129493
W6,129561
W7,129583
W5,129611
W2,129698
W2,129950
W2,130078
W1,130201
W1,130324
W3,130330
W4,130347
W3,130355
W3,130372
W4,130410
W1,130425
W3,130445
W1,130486
W11,130536
W9,130550
W1,130637
T3,130674
W6,130678
W3,130698
W4,130766
W10,130837
W9,130852
W5,130939
W8,131188
W4,131236
W2,131241
W4,131254
W10,131269
W4,131274
W2,131277
W1,131287
W5,131335
W6,131393
W2,131399
W6,131402
W2,131449
W3,131452
W9,131456
W1,131504
W1,131563
W1,131670
W5,131673
W4,131766
W7,131790
W8,131794
I5,131816
W2,131939
T2,132328
W7,132353
W4,132370
W4,132383
W7,132556
I5,132594
W4,132653
W4,132654
W4,132719
W3,132742
W6,132752
W5,132758
W11,132854
W4,133062
T5,133117
W2,133208
W3,133208
W1,133245
W9,133274
W1,133290
W1,133378
W2,133442
W4,133523
W4,133549
W2,133606
W2,133625
W4,133641
T4,133676
W5,133772
W7,133873
W3,133942
W10,134034
W2,134086
W2,134116
W2,134163
W6,134181
W2,134220
I4,134291
W5,134317
W3,134375
W6,134423
W1,134488
W2,134495
W7,134495
W1,134566
W2,134627
W6,134739
W3,134777
W5,134840
W1,134875
T1,134949
W5,135021
T2,135107
W2,135135
W1,135156
W5,135194
W4,135213
W2,135216
W1,135228
W6,135346
W4,135468
W2,135506
W5,135634
W3,135638
W3,135680
W4,135873
W3,135985
W5,135993
W2,136014
W3,136042
W1,136056
W2,136071
W3,136092
W5,136098
W8,136456
W1,136491
W1,136543
W5,136543
W2,136689
T1,136692
W2,136714
W4,136934
W3,136939
W7,136986
W1,137209
W1,137210
W7,137251
W2,137366
W1,137478
W5,137571
W2,137767
W4,137769
W7,137913
W8,137957
W4,138018
W2,138021
W3,138184
W2,138337
W4,138366
W1,138394
W11,138436
W8,138464
W10,138518
W1,138524
W5,138657
W1,138708
W2,138753
W2,138791
W4,138874
W1,138997
W6,139234
W4,139276
W7,139297
T2,139339
T1,139345
W10,139555
W4,139593
W2,139672
W1,139679
W2,139698
T1,139713
W3,139779
T2,139847
W1,139861
W1,139876
W1,139957
W10,140109
W9,140170
T1,140253
W3,140303
W9,140327
W2,140591
W7,140599
W1,140774
W4,140780
W6,140863
W1,140972
W1,141150
W2,141190
W2,141327
W2,141376
W7,141387
W6,141411
T1,141547
W9,141589
W5,141750
W1,141765
W3,141819
W4,141904
W2,142013
W3,142199
W4,142223
W3,142238
W2,142304
W2,142359
W6,142388
W4,142401
W7,142407
W3,142630
W2,142654
W2,142659
W2,142667
W3,142888
T4,143030
W2,143070
W1,143180
T1,143182
W3,143239
W2,143281
W2,143308
T3,143412
W1,143556
W1,143582
W4,143588
W2,143676
W5,143928
W4,143949
W10,143954
W3,143969
W3,144137
W8,144217
W3,144299
W1,144430
W3,144456
W1,144489
W5,144553
T4,144617
W3,144624
W5,144696
W2,144699
W1,144788
W3,144875
W2,144907
W2,144922
W1,144993
W5,145022
W2,145059
W6,145066
W1,145091
W1,145232
I5,145251
W1,145280
W8,145336
W8,145408
W1,145451
W6,145454
W1,145554
W1,145677
W9,145719
W3,145755
W3,145838
W1,145989
W4,146046
W3,146188
W8,146235
T5,146245
W2,146253
W3,146378
W2,146430
W2,146443
T1,146487
T2,146523
W2,146550
W6,146642
W6,146679
W2,146843
W4,146910
W3,146979
W3,147013
W4,147049
W11,147109
W3,147334
W2,147527
W2,147549
W8,147628
W5,147631
W1,147652
T2,147755
W4,147791
W2,147914
W1,147922
W3,147982
W3,148035
I3,148104
W1,148341
T6,148383
W2,148467
W5,148584
I3,148656
W1,148724
W4,148752
W10,148792
W6,148810
W8,148840
W4,148847
T1,148921
W1,148922
W3,148964
W2,148997
W1,148999
W7,149045
W6,149123
W7,149151
W3,149177
W2,149403
W4,149439
W4,149509
W9,149548
W2,149564
T2,149792
W8,149942
W9,150025
W1,150163
W2,150198
W1,150271
W7,150518
W1,150606
W5,150606
W2,150878
W1,150964
W1,151023
W2,151050
W6,151251
W7,151366
W1,151381
W3,151385
W8,151529
W1,151546
W9,151608
W3,151613
W1,151639
W4,151680
W1,151694
W1,151699
W1,151702
W4,151851
T3,151888
W11,151921
W3,151976
W2,152017
W1,152040
W3,152128
W1,152361
W2,152507
W3,152667
W1,152831
W3,153532
W3,153593
W5,153625
W1,153717
W9,153735
W5,153781
W2,153782
W3,153799
W1,153887
W4,154155
W4,154181
W1,154209
W7,154252
W5,154291
W7,154298
W1,154319
W5,154349
W1,154565
W8,154659
W1,154679
W1,154722
T4,154744
W1,154774
W2,154991
W5,155127
W6,155172
W1,155184
W1,155287
W3,155302
W3,155343
W1,155380
W1,155414
W4,155430
W5,155462
T2,155673
W6,155674
W1,155705
W1,155709
W1,155838
W9,155902
W1,155927
W2,155958
W1,156015
W4,156045
W2,156272
W4,156293
T2,156310
W3,156368
W1,156408
W2,156473
W1,156509
W8,156650
W9,156721
W2,156874
W3,156939
W1,157117
W10,157132
W8,157133
W4,157137
W1,157149
W2,157171
W4,157296
W8,157381
W5,157421
W1,157435
W2,157459
T1,157554
W4,157620
W4,157649
W3,157659
W7,157695
W2,157777
W5,157780
W2,157792
W5,157812
W1,157851
W3,157887
W2,157936
W1,157941
W8,158038
W7,158098
W9,158112
W5,158212
W5,158221
W5,158243
W2,158261
W2,158304
W1,158359
W11,158418
T2,158645
W5,158655
W2,158718
T1,158852
W5,158952
W3,158977
W3,158979
W3,158982
W4,159234
W4,159288
W2,159572
W7,159778
W1,159813
W6,159850
W2,159933
W5,159936
W3,159980
W1,159984
W2,160011
W3,160078
W3,160176
W4,160269
W5,160342
W5,160388
W4,160410
W1,160449
W2,160451
W2,160503
W5,160503
W1,160512
W2,160569
W7,160636
W5,160665
W5,160668
W1,160770
T3,160790
W5,160860
W3,161058
W4,161276
W4,161531
W2,161798
W1,161869
W1,161881
W2,161886
W2,162047
W5,162117
W3,162225
W2,162343
W1,162347
W1,162519
W3,162604
T1,162630
W9,162681
W6,162690
W1,162719
W2,162725
W4,162752
W2,162788
W3,162813
W6,162866
W3,162950
W10,162958
T1,163070
W1,163116
W3,163174
W1,163188
W5,163190
W5,163345
W1,163385
W2,163520
W3,163562
W7,163664
W9,163693
W1,163735
W4,163780
W3,163801
W1,163895
W1,164079
W10,164161
I2,164174
W2,164448
W1,164511
W3,164546
W5,164718
W2,164740
W6,164743
W11,164779
W6,164903
W3,165215
W3,165297
W4,165534
W3,165540
W1,165596
W4,165694
W1,165702
W2,165902
W1,165907
W3,165928
W5,165965
D5,165973
W8,166105
W5,166206
W2,166343
W3,166435
W1,166563
W2,166624
W2,166630
W6,166701
W4,166754
W1,166793
T5,166796
W6,166871
W5,166920
W2,166950
W8,167153
W10,167231
W2,167263
W7,167271
W3,167283
W2,167335
W1,167405
W6,167475
W6,167509
W2,167510
W3,167584
T1,167658
W6,167731
W4,167764
W9,167791
W2,167986
W2,168080
T1,168091
W5,168158
W4,168159
W1,168198
W3,168255
W3,168287
W4,168336
W9,168456
W3,168469
W4,168482
W2,168493
W2,168602
W5,168627
T5,168636
W3,168773
W3,168876
W6,168972
W11,168981
W3,169068
W10,169069
W1,169280
W5,169287
W1,169366
T5,169450
W8,169501
W3,169568
W7,169569
W7,169581
W2,169583
D4,169604
W3,169690
W2,169711
W1,169761
W3,169828
W3,169841
W7,169936
T3,170110
W7,170236
W1,170243
W4,170254
W2,170348
W4,170638
W1,170705
W8,170800
W7,170881
W3,170964
W4,171077
W4,171089
W4,171106
W1,171158
W8,171188
W4,171337
W1,171344
W2,171401
W4,171504
W1,171578
W2,171579
W6,171594
W2,171679
W2,171713
W7,171731
W5,171762
W6,171894
W5,171953
W2,172088
W1,172168
W2,172206
W5,172223
W4,172261
W2,172279
W1,172294
W1,172303
W4,172303
W4,172522
W1,172708
I4,172744
W3,172763
T3,172869
W7,172875
W8,172941
W2,172942
W8,172962
W2,173024
W2,173142
T4,173172
W9,173332
W1,173374
W4,173570
W1,173704
W5,173722
W7,173817
W6,173840
W6,173845
W1,173970
W9,173990
W1,174001
W1,174026
W3,174035
W6,174239
W1,174247
W2,174319
W8,174351
W3,174381
W6,174381
W11,174431
W4,174476
D3,174499
W11,174602
W1,174658
T1,174704
W1,174725
W2,174734
W1,174917
W1,174919
W2,174976
W6,175068
W7,175135
W5,175356
W1,175463
W8,175528
W7,175600
W2,175801
W6,175806
W2,175818
W3,175845
W9,175900
W1,175953
W2,176012
W5,176081
W7,176702
W4,176799
W1,176805
T6,176842
W1,176894
W4,176900
W2,176963
W4,177012
W3,177025
W11,177100
W1,177169
W1,177195
W9,177204
W2,177448
T4,177523
W1,177533
W5,177550
W5,177553
W4,177555
W1,177604
W6,177634
W1,177672
W4,177719
W2,177898
W3,178070
W4,178120
W1,178192
W8,178254
W3,178452
W4,178458
W2,178863
W4,178868
W9,178936
W5,179079
W7,179391
W3,179443
W1,179618
W2,179659
W2,179722
W1,179913
W1,179989
W1,180207
W2,180218
W5,180276
W1,180284
W2,180321
W2,180325
W2,180431
W1,180433
W5,180437
W1,180556
W9,180616
W5,180713
T5,180752
W2,180883
W7,180999
W3,181040
W2,181096
W2,181228
W10,181236
W6,181249
I1,181288
W2,181403
W2,181436
W5,181446
W6,181502
W11,181556
W2,181565
W3,181698
W9,181837
W2,181844
T3,181877
W1,181970
W3,182017
W3,182055
W3,182187
W4,182247
W2,182318
W7,182471
W6,182499
W5,182836
W6,182903
W1,182952
W1,183084
W1,183086
W8,183160
W1,183245
W8,183249
W1,183297
W1,183307
W6,183321
I2,183333
W4,183346
W1,183366
W9,183462
W2,183583
W4,183727
W1,183851
W1,183859
W1,183971
D1,184088
W6,184223
W1,184342
W4,184427
W10,184482
W2,184513
W6,184595
W1,184678
W7,184763
W1,184769
W8,184774
W2,184780
W7,184818
W4,184823
W2,184846
W2,184869
W3,184891
W9,184920
W7,184941
W2,185030
W4,185129
W3,185176
W4,185273
W1,185360
W1,185367
W1,185600
W6,185667
W5,185723
W1,185765
T1,185773
W2,185785
W2,185936
W3,185993
W4,186019
W1,186102
W1,186106
W6,186147
W5,186236
W7,186270
W9,186278
W2,186405
W7,186430
W1,186460
W3,186487
W8,186653
W1,186753
W1,186759
W2,186871
W1,186984
W1,186987
W6,187374
W3,187433
W1,187458
W5,187495
W7,187521
T5,187604
W2,187658
W4,187736
W2,187874
W1,187905
W3,187976
W5,188094
W6,188145
W3,188151
W4,188154
W5,188182
W3,188309
W6,188332
W1,188383
W8,188448
W5,188530
W4,188654
W4,188706
W3,188764
I5,188770
T3,188820
W8,188879
W5,188925
W1,188958
W6,188979
W4,189025
W5,189050
W5,189054
W5,189126
W3,189135
W4,189253
W3,189321
W5,189359
W1,189360
W3,189515
W5,189544
W2,189551
W3,189629
W1,189668
W9,189819
W2,189838
W3,189845
W2,190047
W4,190048
W1,190092
W9,190245
W7,190279
W1,190390
T2,190442
W1,190455
W2,190485
W1,190703
W3,190705
W2,190739
W1,190948
W11,191021
W3,191063
T2,191103
W1,191211
W1,191239
W8,191334
W2,191370
W2,191410
W2,191434
W3,191464
T2,191503
W1,191552
W5,191588
W5,191741
W3,191744
W2,191760
W6,192109
W6,192142
W2,192322
W4,192408
W4,192410
W11,192483
W3,192601
W3,192769
T4,192825
W1,192826
W1,192899
W2,192987
W8,193030
W3,193155
W11,193162
W4,193173
W1,193185
W2,193190
W1,193532
W2,193555
W2,193619
W1,193918
W2,194105
W5,194118
W2,194183
W3,194339
W1,194420
W11,194438
W3,194444
W3,194484
W1,194511
W1,194989
W9,195044
W2,195179
W5,195196
W7,195501
W1,195507
W11,195519
W3,195538
W1,195661
W1,195854
W3,195868
W7,195872
W11,195887
W4,195907
W3,195970
W3,196090
W10,196171
W2,196202
W1,196600
W1,196694
W2,196807
W2,196820
W7,196988
W4,197017
W1,197037
W4,197042
W3,197046
W9,197074
D1,197077
W2,197159
W3,197159
W4,197174
W10,197246
W5,197337
W1,197432
W2,197456
T2,197460
W3,197461
W1,197561
W3,197572
W4,197658
T4,197701
W3,197717
W2,197775
W6,197779
W1,197842
W11,197846
W1,197877
W2,197927
W3,197993
W1,198008
W8,198142
W7,198226
W3,198234
W5,198445
W1,198452
W2,198460
W1,198529
W3,198655
W5,198831
W7,198840
W2,198872
W7,198920
W8,198926
W4,198935
W5,198990
W1,199030
W1,199038
W5,199057
W10,199073
W2,199215
W4,199266
W1,199328
W4,199371
W8,199447
W1,199584
W2,199594
W2,199670
W1,199797
W7,199888
W7,199913
W3,199933
W1,199935
W7,200133
W3,200142
W6,200165
W5,200294
W7,200476
W4,200524
W2,200547
W1,200598
W1,200638
W4,200648
W11,200771
W5,200835
W7,200876
W1,201196
W1,201233
W9,201326
W5,201441
D6,201444
W10,201726
W3,201772
W1,201818
W8,201893
W1,201941
W11,201947
W2,202018
W1,202037
W1,202282
W1,202290
W4,202298
W4,202565
W7,202677
W3,202681
W2,202801
W5,202827
W5,202880
W5,203091
W1,203178
W6,203227
W6,203341
W1,203414
W1,203430
W1,203436
W3,203448
W3,203522
W3,203564
T4,203616
W2,203691
W7,203805
W2,203826
W4,203970
W5,204020
W1,204121
W5,204122
W1,204173
W3,204225
W3,204288
W4,204307
W4,204378
W2,204420
W2,204546
W1,204556
W1,204663
W7,204691
W8,204832
W4,204864
W2,204881
W6,204931
W2,204945
W3,204993
W6,205245
W6,205265
W3,205275
W3,205283
W4,205345
W4,205371
W1,205448
W5,205499
W10,205591
W5,205623
W4,205631
W8,205706
W10,205714
W2,205906
W8,205918
W4,205980
W2,206053
W1,206241
W4,206270
W4,206290
W2,206295
W4,206434
W6,206472
W1,206491
W4,206556
W1,206607
W1,206631
W9,206665
W7,206734
W2,206769
T2,206821
W3,206970
W6,206990
W1,207066
T3,207086
W1,207117
W3,207151
D1,207195
W4,207321
W5,207338
W1,207343
W1,207381
W2,207461
W2,207539
W3,207584
W1,207601
W3,207761
W6,207845
W4,207901
W1,207932
W3,207933
T5,207965
W6,207995
W9,208077
W6,208127
W8,208185
W7,208370
W2,208633
W8,208709
W5,208779
W3,208842
W4,208871
W8,208999
W4,209220
T6,209241
W2,209250
W3,209300
W2,209361
W3,209366
W8,209371
I1,209456
W1,209482
W1,209559
W3,209611
W4,209775
W7,209792
W8,209875
I4,209879
W2,209923
W11,210005
W1,210014
W6,210164
I4,210243
D2,210261
W1,210358
W2,210436
W4,210458
W2,210534
W1,210538
W7,210609
T1,210655
I1,210723
W2,210832
W7,210976
W3,210989
W1,211110
W2,211146
W3,211191
W4,211267
W2,211376
W4,211452
W5,211465
T3,211528
W1,211535
W3,211569
T3,211579
W4,211628
W1,211730
W3,211790
W4,211800
W2,212078
W6,212181
W9,212233
W1,212302
W2,212408
W1,212451
W1,212561
W4,212608
W7,212712
W3,212720
W1,212846
W4,212974
T5,213070
W5,213081
W1,213132
W9,213191
W5,213336
W2,213556
W2,213646
W2,213677
W1,213688
W7,213707
W7,213719
W2,213728
W11,213742
W2,213904
W7,213931
W5,213998
W3,214160
W3,214189
W8,214543
W1,214557
W5,214581
T6,214601
W2,214652
W3,214724
W6,214730
W4,214739
W11,214787
W10,214901
W1,214944
W3,214952
W3,214981
W8,215009
W2,215073
W2,215312
W4,215363
W1,215412
W1,215435
W6,215575
W4,215702
W4,215786
I1,215837
W4,215996
W4,216030
W1,216078
W6,216090
W3,216099
T4,216180
W2,216342
W9,216346
W3,216370
W9,216375
W2,216422
W3,216444
W4,216459
W3,216467
W1,216589
W1,216616
W1,216630
W2,216645
W2,216695
W2,216799
W3,216831
W5,216867
W1,216907
W1,216972
W4,216997
W1,217133
W3,217170
W4,217245
I1,217330
W5,217434
W2,217516
T1,217531
W4,217534
W5,217539
W4,217553
W5,217568
W6,217623
W1,217717
W1,217818
W5,217822
W1,217849
W2,217861
W2,217874
W3,217987
W4,218256
W1,218286
W1,218326
W9,218337
W5,218351
W6,218375
W6,218417
W3,218526
T4,218549
W2,218676
W3,218790
W3,218796
W1,218944
W8,219055
W1,219067
W10,219096
W1,219169
W5,219248
W8,219279
W4,219336
W7,219461
W1,219522
W3,219522
W3,219748
W2,219806
W2,219850
W3,219895
W2,219945
W3,220052
W5,220189
W3,220378
W7,220394
W1,220491
W1,220562
W1,220593
W3,220663
W3,220772
W5,220846
W4,220848
W1,220909
W1,220916
W2,220916
W3,220943
W6,221187
T2,221202
W4,221292
W2,221306
W1,221476
W2,221574
W10,221726
W5,221805
W2,221832
W2,221837
W4,221894
W4,221923
W6,222041
T2,222124
T6,222124
W7,222183
W1,222212
W1,222417
W2,222445
W4,222448
W2,222543
W8,222582
W3,222588
W5,222658
W5,222683
W2,222763
W1,222774
W1,222882
W1,222937
W3,222977
W9,223079
W5,223138
W3,223336
W1,223396
W1,223532
W2,223538
W4,223610
W1,223625
W1,223690
W2,223711
W3,223786
W2,223789
W4,223879
W3,224091
W9,224095
W2,224121
W4,224166
W2,224350
W1,224438
W2,224758
T1,224760
W2,224864
W7,224893
W5,224937
W3,224985
W3,225040
W1,225081
W4,225132
W6,225269
W10,225572
W2,225609
W10,225654
W4,225656
W2,225703
W2,225815
W4,225820
W2,225870
W5,225960
W4,226083
W1,226157
W1,226189
W3,226193
W3,226231
W4,226256
W4,226267
W4,226272
W7,226288
W5,226305
W2,226413
W6,226470
W1,226500
W1,226563
W2,226577
W4,226623
W5,226813
W1,226826
W3,226854
W2,226979
W3,227227
W2,227230
W2,227236
W1,227249
W4,227311
W3,227425
W4,227461
W2,227483
W2,227516
W3,227538
W1,227662
W2,227664
T2,227669
W9,227797
I2,227826
W1,227861
W8,227960
W3,227972
W4,228002
W4,228083
W8,228166
W1,228172
W1,228219
W5,228235
W9,228407
W2,228703
W1,228712
W5,228751
W1,228795
W1,228944
W1,229073
W8,229085
W7,229145
T4,229193
W1,229298
W1,229388
W2,229412
W1,229447
W1,229459
W2,229486
W2,229522
D2,229530
W9,229545
W7,229564
W5,229585
W6,229625
W4,229667
W1,229806
W3,229890
W2,230024
W2,230033
W2,230036
W8,230149
W2,230170
W1,230181
W4,230257
W1,230315
W2,230454
D4,230499
W2,230544
W3,230590
W4,230682
W1,230688
W3,230773
W1,230878
T5,230930
W8,230976
W2,231049
W1,231169
W3,231202
W7,231203
W11,231208
W1,231364
W1,231594
W3,231600
W9,231682
W1,231738
W5,231777
W2,232016
W1,232020
T1,232021
W8,232128
W9,232160
W6,232213
W3,232216
W7,232216
W10,232313
W3,232535
W4,232555
W6,232679
W10,232693
W4,232721
W1,232784
W1,232819
W1,232823
W8,232873
W3,233139
W1,233303
W4,233323
W2,233339
W2,233349
W10,233537
W3,233551
W4,233580
W11,233612
W7,233644
W1,233938
W7,233945
W8,233987
W8,233989
W11,234003
W4,234101
W10,234105
W1,234220
W4,234237
W2,234302
W3,234422
W6,234504
W6,234631
W1,234711
W5,234716
W5,234721
W4,234728
W5,234851
W2,234916
W6,234937
W1,234959
W2,235151
W2,235308
W2,235346
W7,235373
W3,235433
W3,235548
W4,235732
W2,235905
W4,235945
W7,235965
W7,235973
W1,235984
W3,236008
W2,236010
W1,236228
W8,236251
W1,236512
W3,236538
T1,236558
W7,236617
W7,236752
W6,236791
W1,236854
W1,236953
W9,236999
W1,237061
W9,237091
W1,237113
W2,237159
T4,237283
W4,237433
W3,237470
W1,237471
W9,237479
W2,237495
W5,237657
W4,237700
W1,237717
W3,237795
W1,237929
W5,238023
W6,238063
T6,238071
W1,238181
W6,238316
W1,238491
W1,238504
W9,238527
W2,238529
W1,238577
W5,238681
W1,238854
T6,238861
W5,239108
W4,239144
W5,239145
W8,239161
T3,239162
W3,239238
W2,239258
W4,239435
W2,239539
W2,239657
W1,239718
W5,239791
W1,239845
W2,239877
W7,239956
W2,240042
W3,240153
W2,240238
T2,240238
W11,240279
W1,240301
W9,240417
W8,240774
W1,240775
W6,240839
W9,240847
W4,240903
W4,240953
I2,241001
W10,241181
W3,241217
W1,241294
W11,241375
W3,241403
T4,241428
W3,241459
W4,241571
W1,241607
W6,241641
W1,241653
W2,241813
W6,241914
W5,241925
W3,241947
W8,241947
W11,242012
W4,242240
W3,242293
W5,242308
W1,242329
T1,242340
W4,242454
W5,242458
W1,242465
W2,242510
W6,242555
W4,242583
W6,242879
W2,242929
W4,242932
W6,243140
W1,243168
W3,243219
W3,243363
W1,243380
W10,243441
W3,243494
W5,243563
W2,243618
W4,243674
I4,243718
W3,243780
W7,243940
W2,243959
T4,244025
W6,244275
W1,244439
W3,244453
W1,244557
W11,244722
W4,244736
W3,244740
W3,244815
T3,244871
W1,244998
W1,244998
W2,245000
W6,245073
W2,245084
W3,245087
W5,245148
W3,245197
W10,245239
W1,245322
W3,245342
W6,245418
W1,245451
W2,245528
W7,245580
W2,245586
W3,245588
W2,245602
W2,245620
W1,245643
W3,245650
W2,245663
W5,245670
W3,245729
W6,245732
T2,245772
W3,245935
T4,245968
W7,246001
W5,246079
W3,246167
T2,246222
W4,246422
W8,246458
W1,246550
W1,246567
W2,246719
T2,246816
W6,246829
W2,246841
W3,247045
W7,247159
W4,247173
W1,247256
W3,247419
T2,247470
W4,247472
W9,247479
W1,247496
W1,247550
W7,247560
W2,247570
W1,247651
W1,247663
W1,247670
W10,247988
W4,248061
W3,248111
W4,248170
W7,248223
W5,248247
W2,248328
W11,248363
W3,248386
W5,248424
W7,248425
W3,248612
W2,248635
W3,248638
W4,248751
W4,248849
W7,248883
W6,249000
W4,249013
W4,249017
W1,249196
W6,249237
W1,249328
W4,249337
W10,249434
W2,249522
W5,249533
W2,249558
W8,249586
W1,249595
W5,249598
W10,249605
W6,249641
W7,249720
W2,249743
W2,249843
W1,249873
W1,250037
W4,250343
W5,250583
W1,250627
W1,250640
W3,250659
W3,250712
W5,250847
W1,250873
W9,250895
W2,250996
W1,251143
W3,251155
W5,251199
W4,251240
W1,251283
W6,251357
W7,251370
W3,251526
W1,251669
W1,251689
W1,251722
W2,251743
W9,251801
W11,251807
W3,251847
W4,251898
W2,252042
W5,252070
W1,252077
W3,252095
W6,252104
W5,252470
W8,252650
W3,252670
W1,252810
W8,252874
W4,252945
W6,253002
W1,253023
W3,253072
W1,253198
W8,253287
W5,253312
W8,253327
T3,253475
W1,253619
W10,253628
W3,253709
W7,253906
W6,254152
W4,254271
W4,254279
W4,254290
W1,254328
W1,254333
W9,254698
T4,254806
W4,254867
W6,254970
W1,255086
W7,255146
W3,255152
W10,255254
W7,255369
W3,255384
W4,255466
W1,255591
W3,255709
W3,255745
W7,255811
W2,255872
W6,255878
W1,255883
T1,255921
W1,255929
W3,255957
W1,256005
W6,256070
W2,256220
W11,256537
W6,256588
W5,256590
W5,256602
W10,256624
W4,256784
W6,256871
W5,257014
W4,257260
T1,257260
W1,257392
W2,257473
W8,257568
W3,257624
W1,257708
W2,257721
W2,257792
W8,257880
W1,257895
W1,257923
W1,258026
W6,258040
W1,258123
W5,258159
W1,258183
W11,258355
W1,258517
W2,258549
W2,258621
W6,258634
W1,258662
W1,258863
W1,258876
W1,258878
W4,258895
W3,258962
W5,259083
W7,259172
W1,259177
W6,259293
W1,259339
W2,259366
W5,259527
W2,259532
W6,259565
W1,259582
W3,259637
W1,259667
W3,259694
W3,259902
W2,259905
W5,260004
W1,260018
W2,260451
W7,260462
W6,260556
W4,260720
W2,260761
W9,260798
W11,260806
W1,260873
W7,260877
W1,260893
W3,260970
W6,260985
W5,260986
T6,260998
W7,261019
W2,261173
W2,261269
W3,261285
W1,261348
W4,261407
W3,261513
W1,261537
W8,261623
W5,261629
W1,261677
T4,261708
W3,261814
W8,261825
W8,261884
W1,262003
W2,262003
W1,262090
W3,262113
W1,262142
W4,262476
T1,262502
W2,262554
W3,262639
W1,262771
W2,262864
W1,262924
W3,262929
W6,262941
W4,262956
W1,263019
W5,263221
W2,263306
W1,263324
W3,263337
W1,263358
W1,263422
W1,263537
W2,263599
W1,263609
W1,263819
W4,263878
T3,263886
W2,263905
W1,263912
W2,263932
W5,263936
W1,264006
W1,264035
W3,264083
W1,264197
T1,264234
W9,264286
W6,264420
W5,264546
W7,264601
W2,264613
W6,264727
W4,264756
W6,264826
W8,264876
W1,264882
W4,264934
W1,264942
W2,265140
W7,265241
W4,265328
W5,265337
W1,265434
W2,265527
W1,265733
W5,265770
W1,265794
W8,265805
W5,265841
W9,265852
W4,265878
W4,265926
W3,266086
W1,266318
W3,266410
W3,266428
W6,266462
W3,266486
W2,266691
W7,266722
W2,266762
W2,266791
W7,266832
W7,266908
W1,266985
W5,266990
W2,267103
W7,267175
W1,267252
W1,267318
W1,267323
W7,267381
W3,267384
W1,267405
W5,267707
W3,267736
W4,267798
W8,267801
W2,267821
W4,267846
W3,267990
W1,267994
W6,268075
W2,268135
W1,268165
W11,268167
W5,268194
W1,268225
W3,268373
W8,268376
W4,268389
W1,268415
W2,268479
W1,268586
W7,268681
W2,268746
W5,268802
W5,268828
W1,268904
W6,268916
W1,268984
W2,269019
W5,269027
W2,269087
W3,269139
W1,269177
W2,269180
W1,269212
T1,269225
W3,269260
W3,269275
W11,269327
W3,269333
W4,269347
T6,269425
W9,269477
W1,269503
W7,269547
W8,269548
W2,269553
W9,269556
W1,269647
W1,269658
W1,269667
W8,269714
T5,269750
W9,269789
W5,269862
W3,269918
W2,269938
W5,269947
W3,270011
W3,270033
W9,270090
W3,270154
W3,270202
W9,270288
W1,270304
W2,270321
W3,270367
W2,270512
W2,270656
W10,270713
W10,270843
W2,270867
W1,270888
T1,270934
W1,271081
W1,271171
W4,271171
W1,271204
W6,271372
W5,271413
W9,271494
W10,271500
W3,271511
W1,271596
W2,271661
W3,271682
W2,271709
W5,272064
T2,272144
W1,272171
W4,272215
W6,272274
W1,272284
W6,272306
W4,272357
W1,272361
W3,272390
W4,272431
W9,272470
W4,272505
W10,272506
W1,272538
W3,272609
W4,272629
W1,272636
W1,272691
W8,272762
W9,272817
W2,272870
W5,272904
W1,273071
W5,273088
W7,273122
W2,273270
W3,273355
W3,273360
W5,273543
W1,273596
W2,273601
W2,273616
T2,273660
W1,273818
W3,273850
W1,273860
W10,273887
W11,273908
T2,273911
W3,273920
W1,273945
W8,273945
W2,273955
W2,273956
T4,273999
W2,274025
W5,274047
W3,274093
W3,274108
W1,274371
W4,274393
W1,274426
W2,274454
W9,274563
W3,274616
W8,274637
W1,274757
W2,274848
W1,274862
W3,275053
W2,275096
W1,275127
W8,275131
W4,275229
W7,275328
W1,275379
W4,275384
W2,275410
W1,275526
W1,275658
W3,275723
W3,275771
W6,275787
W4,275805
W6,275846
W7,275907
W1,275920
W1,275949
W1,276065
W6,276078
W4,276141
W1,276191
W3,276244
W1,276291
W1,276429
W3,276470
W7,276505
W6,276557
W7,276576
W1,276595
W3,276658
W1,276768
W5,276913
W9,276969
W2,277075
W6,277076
W1,277242
W7,277266
W3,277445
W1,277510
W2,277513
W2,277619
W6,277742
W2,277829
W8,278021
W5,278208
I2,278226
W3,278266
W8,278279
W5,278357
W1,278416
W3,278436
W1,278492
W1,278612
W4,278651
W3,278715
W1,278751
W3,278895
W4,278900
W6,279023
W2,279248
W8,279322
W2,279362
W1,279384
W1,279478
W1,279491
T3,279540
W9,279644
W4,279676
W6,279782
W1,279837
W10,279863
W1,280061
W3,280137
W2,280147
W1,280283
W1,280322
W3,280352
W1,280423
W5,280472
W2,280474
W5,280511
W6,280645
W7,280654
T3,280686
W8,280825
T2,280865
W1,280938
T6,280960
W1,281141
W1,281165
W2,281363
W2,281392
W11,281392
W2,281426
W4,281526
W2,281531
W5,281562
W2,281654
W8,281721
W1,281787
W3,281839
W3,281873
W8,281949
W6,281951
W4,281981
W2,281989
W3,281997
W4,282002
W7,282002
W1,282044
W2,282102
T3,282125
W3,282264
W2,282280
W2,282348
W10,282479
W1,282529
W1,282543
W2,282568
W2,282652
W2,282769
W7,282993
W9,283016
W3,283168
W1,283248
W10,283412
W6,283529
W5,283560
W5,283863
W2,283877
W9,283997
W8,284006
W2,284191
W3,284358
W4,284389
T3,284417
W2,284426
W7,284444
W8,284687
W6,284723
T4,284737
W2,284738
W1,284770
W9,284823
W3,284853
W1,284950
W1,284955
W6,285095
W1,285208
W6,285259
W3,285325
W5,285410
W4,285473
W3,285477
W6,285593
W1,285677
W2,285694
W4,285704
W3,285875
W6,285882
W1,285894
W3,285954
W1,286159
W7,286291
T2,286457
W10,286573
W2,286638
W2,286645
W7,286677
W4,286703
W3,286734
W2,286764
W4,286821
W11,286823
W1,287071
W1,287146
W5,287162
W5,287239
W1,287398
W3,287440
W7,287454
W5,287741
W5,287808
W1,287971
W3,287991
W1,288040
W3,288116
W2,288237
W6,288242
W3,288494
W2,288517
W5,288667
W11,288965
W4,288999
W2,289032
W2,289035
W1,289236
T4,289389
W3,289478
W7,289505
W6,289624
W3,289684
W7,289809
W10,290017
W3,290181
W2,290225
W1,290246
W6,290412
W3,290572
W3,290599
W2,290719
W7,290727
W3,290850
W2,290868
W7,290891
W7,290891
W5,291085
W2,291092
W5,291097
W7,291474
T1,291478
W9,291479
W4,291488
W6,291529
W1,291617
W3,291684
W1,291735
W4,291817
W4,291865
W2,291882
W1,291924
W2,291980
W5,292135
T3,292160
T1,292223
W5,292335
W2,292465
W1,292627
W4,292714
T6,292781
T2,292790
W1,292835
W9,292836
W1,292897
W2,292907
W7,292934
W1,293021
W8,293076
W1,293107
W2,293121
W4,293171
W1,293358
W1,293365
W2,293409
W11,293415
W5,293416
W4,293447
W5,293465
W3,293569
W7,293577
W3,293617
W3,293639
W1,293652
W5,293789
W3,293811
W4,293839
W10,294136
I2,294328
W3,294401
W1,294553
W3,294635
W2,294800
W4,294808
W3,294834
W5,294845
W3,294884
W8,294930
W1,295045
W2,295069
W5,295178
W6,295178
W5,295265
W5,295269
W1,295320
W1,295386
W4,295496
W2,295542
W7,295581
W2,295615
W4,295661
W4,295681
W1,295775
W8,295904
W4,295929
W1,296035
W1,296043
W9,296121
W6,296181
W2,296207
W6,296209
W1,296230
I1,296250
T1,296601
W3,296652
W11,296772
W1,296895
W2,296902
W2,296905
W1,297031
W8,297033
W5,297034
W2,297142
W1,297155
W6,297191
W1,297211
W7,297393
W9,297462
W1,297477
W5,297560
W10,297614
W6,297647
W1,297729
W4,297771
W5,297786
W7,297890
W3,297892
W4,297918
W2,297978
W2,298002
W2,298164
W1,298228
W11,298342
W1,298496
W1,298612
W4,298763
I4,298842
W3,298849
W3,298868
W2,299024
W6,299026
W1,299095
W7,299130
W1,299168
W4,299212
W3,299243
W6,299344
W4,299461
W1,299512
W2,299601
W5,299636
W1,299650
W2,299700
W3,299739
W2,299773
W9,299775
T1,299838
W1,299877
W6,299926
W2,299962
W4,299984
